frame,shot,motion,coverage,effective_coverage,coverage_left,coverage_right,stale_seconds,wings_on
0,0,ROTATION,0.5,0.2138,0.0,1.0,0.75,0
1,0,ROTATION,0.5,0.2305,0.0,1.0,0.71,0
2,0,ROTATION,0.5031,0.2468,0.0063,1.0,0.67,0
3,0,ROTATION,0.5073,0.2646,0.0146,1.0,0.62,0
4,0,ROTATION,0.5125,0.2829,0.025,1.0,0.58,0
5,0,ROTATION,0.5198,0.3005,0.0396,1.0,0.58,0
6,0,ROTATION,0.5292,0.3194,0.0583,1.0,0.54,0
7,0,ROTATION,0.5396,0.338,0.0792,1.0,0.5,0
8,0,ROTATION,0.5521,0.3571,0.1042,1.0,0.46,0
9,0,ROTATION,0.5667,0.3775,0.1333,1.0,0.42,0
10,0,ROTATION,0.5813,0.3975,0.1625,1.0,0.42,0
11,0,ROTATION,0.599,0.4186,0.1979,1.0,0.38,0
12,0,ROTATION,0.6177,0.4398,0.2354,1.0,0.38,0
13,0,ROTATION,0.6377,0.4604,0.2754,1.0,0.33,1
14,0,ROTATION,0.6604,0.4827,0.3208,1.0,0.33,1
15,0,ROTATION,0.6825,0.504,0.3651,1.0,0.33,1
16,0,ROTATION,0.7071,0.5261,0.4142,1.0,0.33,1
17,0,ROTATION,0.7328,0.5482,0.4656,1.0,0.29,1
18,0,ROTATION,0.7594,0.5704,0.5188,1.0,0.29,1
19,0,ROTATION,0.7895,0.5936,0.5792,0.9999,0.29,1
20,0,ROTATION,0.8186,0.6156,0.6375,0.9997,0.29,1
21,0,ROTATION,0.8498,0.6382,0.7,0.9995,0.29,1
22,0,ROTATION,0.8823,0.6608,0.7646,1.0,0.29,1
23,0,ROTATION,0.9158,0.6829,0.8316,1.0,0.29,1
24,0,ROTATION,0.9479,0.7035,0.8958,1.0,0.29,1
25,0,ROTATION,0.9849,0.7261,0.9698,1.0,0.29,1
26,0,ROTATION,0.9998,0.7416,0.9996,1.0,0.29,1
27,0,ROTATION,0.9922,0.7489,0.9843,1.0,0.29,1
28,0,ROTATION,0.9997,0.7602,1.0,0.9994,0.29,1
29,0,ROTATION,0.9996,0.7665,1.0,0.9991,0.29,1
30,0,ROTATION,0.9975,0.7713,0.9958,0.9991,0.29,1
31,0,ROTATION,0.9993,0.7768,0.9999,0.9987,0.29,1
32,0,ROTATION,0.9983,0.781,1.0,0.9967,0.25,1
33,0,ROTATION,0.9996,0.7852,1.0,0.9992,0.25,1
34,0,ROTATION,0.9995,0.7884,0.9998,0.9992,0.25,1
35,0,ROTATION,1.0,0.7913,1.0,1.0,0.25,1
36,0,ROTATION,0.9994,0.7934,1.0,0.9988,0.25,1
37,0,ROTATION,0.9952,0.7935,0.9905,1.0,0.25,1
38,0,ROTATION,0.9998,0.7977,1.0,0.9996,0.25,1
39,0,ROTATION,0.9996,0.7991,1.0,0.9991,0.25,1
40,0,ROTATION,0.9997,0.8005,0.9994,1.0,0.25,1
41,0,ROTATION,0.9996,0.8016,0.9992,1.0,0.25,1
42,0,ROTATION,0.9929,0.7983,0.9859,0.9998,0.25,1
43,0,ROTATION,0.9937,0.7993,0.9874,1.0,0.25,1
44,0,ROTATION,0.9993,0.8031,0.9985,1.0,0.25,1
45,0,ROTATION,0.9995,0.8033,0.9992,0.9998,0.25,1
46,0,ROTATION,0.998,0.8022,0.9989,0.9972,0.25,1
47,0,ROTATION,0.999,0.8019,1.0,0.9979,0.25,1
48,0,ROTATION,0.9992,0.801,0.9985,0.9999,0.25,1
49,0,ROTATION,0.9994,0.8002,0.9988,1.0,0.25,1
50,0,ROTATION,0.9993,0.7989,0.9995,0.9992,0.25,1
51,0,ROTATION,0.9997,0.7976,0.9998,0.9996,0.25,1
52,0,ROTATION,0.9963,0.794,1.0,0.9927,0.25,1
53,0,ROTATION,1.0,0.7939,1.0,1.0,0.25,1
54,0,ROTATION,1.0,0.7915,1.0,1.0,0.25,1
55,0,ROTATION,0.9989,0.7881,1.0,0.9979,0.25,1
56,0,ROTATION,1.0,0.7852,1.0,1.0,0.25,1
57,0,ROTATION,1.0,0.7815,1.0,1.0,0.25,1
58,0,ROTATION,0.9992,0.7767,0.9984,1.0,0.29,1
59,0,ROTATION,0.9981,0.7716,0.999,0.9972,0.29,1
60,0,ROTATION,0.9995,0.7666,0.999,1.0,0.29,1
61,0,ROTATION,0.999,0.7593,1.0,0.998,0.29,1
62,0,ROTATION,0.9946,0.7506,0.9996,0.9896,0.29,1
63,0,ROTATION,0.9938,0.7409,1.0,0.9875,0.29,1
64,0,ROTATION,0.9885,0.7276,1.0,0.9771,0.29,1
65,0,ROTATION,0.9521,0.7059,1.0,0.9042,0.29,1
66,0,ROTATION,0.9172,0.6835,1.0,0.8344,0.29,1
67,0,ROTATION,0.8833,0.6615,1.0,0.7667,0.29,1
68,0,ROTATION,0.8517,0.6396,1.0,0.7033,0.29,1
69,0,ROTATION,0.821,0.6166,1.0,0.6419,0.29,1
70,0,ROTATION,0.7908,0.5944,1.0,0.5816,0.29,1
71,0,ROTATION,0.7615,0.5716,1.0,0.5229,0.29,1
72,0,ROTATION,0.7381,0.5518,0.999,0.4771,0.29,1
73,0,ROTATION,0.7073,0.5262,1.0,0.4146,0.33,1
74,0,ROTATION,0.6833,0.5045,1.0,0.3667,0.33,1
75,0,ROTATION,0.6604,0.4824,1.0,0.3208,0.33,1
76,0,ROTATION,0.6385,0.4608,1.0,0.2771,0.33,1
77,0,ROTATION,0.6188,0.4395,1.0,0.2375,0.38,1
78,0,ROTATION,0.6,0.4188,1.0,0.2,0.38,1
79,0,ROTATION,0.5823,0.3977,1.0,0.1646,0.42,1
80,0,ROTATION,0.5677,0.3781,1.0,0.1354,0.42,1
81,0,ROTATION,0.5531,0.358,1.0,0.1062,0.46,1
82,0,ROTATION,0.5406,0.3385,1.0,0.0813,0.5,1
83,0,ROTATION,0.5305,0.319,0.9995,0.0615,0.54,1
84,0,ROTATION,0.5208,0.3015,1.0,0.0417,0.54,1
85,0,ROTATION,0.5135,0.2834,1.0,0.0271,0.58,1
86,0,ROTATION,0.5083,0.2655,1.0,0.0167,0.62,1
87,0,ROTATION,0.5042,0.248,1.0,0.0083,0.67,1
88,0,ROTATION,0.501,0.2314,1.0,0.0021,0.71,1
89,0,ROTATION,0.5,0.2146,1.0,0.0,0.75,1
